Row, Timestamp, Series 1
0   , 0.709, 100    
1   , 0.711, 100    
2   , 0.713, 100    
3   , 0.715, 100    
4   , 0.717, 100    
5   , 0.719, 100    
6   , 0.721, 100    
7   , 0.723, 100    
8   , 0.725, 100    
9   , 0.727, 100    
10  , 0.729, 100    
11  , 0.731, 100    
12  , 0.733, 100    
13  , 0.735, 100    
14  , 0.737, 100    
15  , 0.739, 100    
16  , 0.741, 100    
17  , 0.743, 100    
18  , 0.745, 100    
19  , 0.747, 100    
20  , 0.749, 100    
21  , 0.751, 100    
22  , 0.753, 100    
23  , 0.755, 100    
24  , 0.757, 100    
25  , 0.759, 100    
26  , 0.761, 100    
27  , 0.763, 100    
28  , 0.765, 100    
29  , 0.767, 100    
30  , 0.769, 100    
31  , 0.771, 100    
32  , 0.773, 100    
33  , 0.775, 100    
34  , 0.777, 100    
35  , 0.779, 100    
36  , 0.781, 100    
37  , 0.783, 100    
38  , 0.785, 100    
39  , 0.787, 100    
40  , 0.789, 100    
41  , 0.791, 100    
42  , 0.793, 100    
43  , 0.795, 100    
44  , 0.797, 100    
45  , 0.799, 100    
46  , 0.801, 100    
47  , 0.803, 100    
48  , 0.805, 100    
49  , 0.807, 100    
50  , 0.809, 100    
51  , 0.811, 100    
52  , 0.813, 100    
53  , 0.815, 100    
54  , 0.817, 100    
55  , 0.819, 100    
56  , 0.821, 93     
57  , 0.823, 93     
58  , 0.825, 93     
59  , 0.827, 93     
60  , 0.829, 93     
61  , 0.831, 93     
62  , 0.833, 93     
63  , 0.835, 93     
64  , 0.837, 79     
65  , 0.839, 79     
66  , 0.841, 79     
67  , 0.843, 79     
68  , 0.845, 79     
69  , 0.847, 79     
70  , 0.849, 79     
71  , 0.851, 79     
72  , 0.853, 64     
73  , 0.855, 64     
74  , 0.857, 64     
75  , 0.859, 64     
76  , 0.861, 64     
77  , 0.863, 64     
78  , 0.865, 64     
79  , 0.867, 64     
80  , 0.869, 64     
81  , 0.871, 59     
82  , 0.873, 59     
83  , 0.875, 59     
84  , 0.877, 59     
85  , 0.879, 59     
86  , 0.881, 59     
87  , 0.883, 59     
88  , 0.885, 59     
89  , 0.887, 69     
90  , 0.889, 69     
91  , 0.891, 69     
92  , 0.893, 69     
93  , 0.895, 69     
94  , 0.897, 69     
95  , 0.899, 69     
96  , 0.901, 69     
97  , 0.903, 83     
98  , 0.905, 83     
99  , 0.907, 83     
100 , 0.909, 83     
101 , 0.911, 83     
102 , 0.913, 83     
103 , 0.915, 83     
104 , 0.917, 83     
105 , 0.919, 96     
106 , 0.921, 96     
107 , 0.923, 96     
108 , 0.925, 96     
109 , 0.927, 96     
110 , 0.929, 96     
111 , 0.931, 96     
112 , 0.933, 96     
113 , 0.935, 96     
114 , 0.937, 100    
115 , 0.939, 100    
116 , 0.941, 100    
117 , 0.943, 100    
118 , 0.945, 100    
119 , 0.947, 100    
120 , 0.949, 100    
121 , 0.951, 100    
122 , 0.953, 100    
123 , 0.955, 100    
124 , 0.957, 100    
125 , 0.959, 100    
126 , 0.961, 100    
127 , 0.963, 100    
128 , 0.965, 100    
129 , 0.967, 100    
130 , 0.969, 99     
131 , 0.971, 99     
132 , 0.973, 99     
133 , 0.975, 99     
134 , 0.977, 99     
135 , 0.979, 99     
136 , 0.981, 99     
137 , 0.983, 99     
138 , 0.985, 99     
139 , 0.987, 94     
140 , 0.989, 94     
141 , 0.991, 94     
142 , 0.993, 94     
143 , 0.995, 94     
144 , 0.997, 94     
145 , 0.999, 94     
146 , 1.001, 94     
147 , 1.003, 86     
148 , 1.005, 86     
149 , 1.007, 86     
150 , 1.009, 86     
151 , 1.011, 86     
152 , 1.013, 86     
153 , 1.015, 86     
154 , 1.017, 86     
155 , 1.019, 75     
156 , 1.021, 75     
157 , 1.023, 75     
158 , 1.025, 75     
159 , 1.027, 75     
160 , 1.029, 75     
161 , 1.031, 75     
162 , 1.033, 75     
163 , 1.035, 60     
164 , 1.037, 60     
165 , 1.039, 60     
166 , 1.041, 60     
167 , 1.043, 60     
168 , 1.045, 60     
169 , 1.047, 60     
170 , 1.049, 60     
171 , 1.051, 60     
172 , 1.053, 44     
173 , 1.055, 44     
174 , 1.057, 44     
175 , 1.059, 44     
176 , 1.061, 44     
177 , 1.063, 44     
178 , 1.065, 44     
179 , 1.067, 44     
180 , 1.069, 39     
181 , 1.071, 39     
182 , 1.073, 39     
183 , 1.075, 39     
184 , 1.077, 39     
185 , 1.079, 39     
186 , 1.081, 39     
187 , 1.083, 39     
188 , 1.085, 42     
189 , 1.087, 42     
190 , 1.089, 42     
191 , 1.091, 42     
192 , 1.093, 42     
193 , 1.095, 42     
194 , 1.097, 42     
195 , 1.099, 42     
196 , 1.101, 42     
197 , 1.103, 56     
198 , 1.105, 56     
199 , 1.107, 56     
200 , 1.109, 56     
201 , 1.111, 56     
202 , 1.113, 56     
203 , 1.115, 56     
204 , 1.117, 56     
205 , 1.119, 79     
206 , 1.121, 79     
207 , 1.123, 79     
208 , 1.125, 79     
209 , 1.127, 79     
210 , 1.129, 79     
211 , 1.131, 79     
212 , 1.133, 79     
213 , 1.135, 90     
214 , 1.137, 90     
215 , 1.139, 90     
216 , 1.141, 90     
217 , 1.143, 90     
218 , 1.145, 90     
219 , 1.147, 90     
220 , 1.149, 90     
221 , 1.151, 89     
222 , 1.153, 89     
223 , 1.155, 89     
224 , 1.157, 89     
225 , 1.159, 89     
226 , 1.161, 89     
227 , 1.163, 89     
228 , 1.165, 89     
229 , 1.167, 89     
230 , 1.169, 91     
231 , 1.171, 91     
232 , 1.173, 91     
233 , 1.175, 91     
234 , 1.177, 91     
235 , 1.179, 91     
236 , 1.181, 91     
237 , 1.183, 91     
238 , 1.185, 85     
239 , 1.187, 85     
240 , 1.189, 85     
241 , 1.191, 85     
242 , 1.193, 85     
243 , 1.195, 85     
244 , 1.197, 85     
245 , 1.199, 85     
246 , 1.201, 85     
247 , 1.203, 85     
248 , 1.205, 85     
249 , 1.207, 85     
250 , 1.209, 85     
251 , 1.211, 85     
252 , 1.213, 85     
253 , 1.215, 85     
254 , 1.217, 85     
255 , 1.219, 80     
256 , 1.221, 80     
257 , 1.223, 80     
258 , 1.225, 80     
259 , 1.227, 80     
260 , 1.229, 80     
261 , 1.231, 80     
262 , 1.233, 80     
263 , 1.235, 78     
264 , 1.237, 78     
265 , 1.239, 78     
266 , 1.241, 78     
267 , 1.243, 78     
268 , 1.245, 78     
269 , 1.247, 78     
270 , 1.249, 78     
271 , 1.251, 76     
272 , 1.253, 76     
273 , 1.255, 76     
274 , 1.257, 76     
275 , 1.259, 76     
276 , 1.261, 76     
277 , 1.263, 76     
278 , 1.265, 76     
279 , 1.267, 78     
280 , 1.269, 78     
281 , 1.271, 78     
282 , 1.273, 78     
283 , 1.275, 78     
284 , 1.277, 78     
285 , 1.279, 78     
286 , 1.281, 78     
287 , 1.283, 78     
288 , 1.285, 71     
289 , 1.287, 71     
290 , 1.289, 71     
291 , 1.291, 71     
292 , 1.293, 71     
293 , 1.295, 71     
294 , 1.297, 71     
295 , 1.299, 71     
296 , 1.301, 73     
297 , 1.303, 73     
298 , 1.305, 73     
299 , 1.307, 73     
300 , 1.309, 73     
301 , 1.311, 73     
302 , 1.313, 73     
303 , 1.315, 73     
304 , 1.317, 73     
305 , 1.319, 73     
306 , 1.321, 73     
307 , 1.323, 73     
308 , 1.325, 73     
309 , 1.327, 73     
310 , 1.329, 73     
311 , 1.331, 73     
312 , 1.333, 73     
313 , 1.335, 73     
314 , 1.337, 73     
315 , 1.339, 73     
316 , 1.341, 73     
317 , 1.343, 73     
318 , 1.345, 73     
319 , 1.347, 73     
320 , 1.349, 73     
321 , 1.351, 73     
322 , 1.353, 73     
323 , 1.355, 73     
324 , 1.357, 73     
325 , 1.359, 73     
326 , 1.361, 73     
327 , 1.363, 73     
328 , 1.365, 73     
329 , 1.367, 74     
330 , 1.369, 74     
331 , 1.371, 74     
332 , 1.373, 74     
333 , 1.375, 74     
334 , 1.377, 74     
335 , 1.379, 74     
336 , 1.381, 74     
337 , 1.383, 69     
338 , 1.385, 69     
339 , 1.387, 69     
340 , 1.389, 69     
341 , 1.391, 69     
342 , 1.393, 69     
343 , 1.395, 69     
344 , 1.397, 69     
345 , 1.399, 69     
346 , 1.401, 69     
347 , 1.403, 69     
348 , 1.405, 69     
349 , 1.407, 69     
350 , 1.409, 69     
351 , 1.411, 69     
352 , 1.413, 69     
353 , 1.415, 69     
354 , 1.417, 69     
355 , 1.419, 69     
356 , 1.421, 69     
357 , 1.423, 69     
358 , 1.425, 69     
359 , 1.427, 69     
360 , 1.429, 69     
361 , 1.431, 69     
362 , 1.433, 67     
363 , 1.435, 67     
364 , 1.437, 67     
365 , 1.439, 67     
366 , 1.441, 67     
367 , 1.443, 67     
368 , 1.445, 67     
369 , 1.447, 67     
370 , 1.449, 67     
371 , 1.451, 66     
372 , 1.453, 66     
373 , 1.455, 66     
374 , 1.457, 66     
375 , 1.459, 66     
376 , 1.461, 66     
377 , 1.463, 66     
378 , 1.465, 66     
379 , 1.467, 58     
380 , 1.469, 58     
381 , 1.471, 58     
382 , 1.473, 58     
383 , 1.475, 58     
384 , 1.477, 58     
385 , 1.479, 58     
386 , 1.481, 58     
387 , 1.483, 49     
388 , 1.485, 49     
389 , 1.487, 49     
390 , 1.489, 49     
391 , 1.491, 49     
392 , 1.493, 49     
393 , 1.495, 49     
394 , 1.497, 49     
395 , 1.499, 36     
396 , 1.501, 36     
397 , 1.503, 36     
398 , 1.505, 36     
399 , 1.507, 36     
400 , 1.509, 36     
401 , 1.511, 36     
402 , 1.513, 36     
403 , 1.515, 36     
404 , 1.517, 36     
405 , 1.519, 36     
406 , 1.521, 36     
407 , 1.523, 36     
408 , 1.525, 36     
409 , 1.527, 36     
410 , 1.529, 36     
411 , 1.531, 36     
412 , 1.533, 36     
413 , 1.535, 36     
414 , 1.537, 36     
415 , 1.539, 36     
416 , 1.541, 36     
417 , 1.543, 36     
418 , 1.545, 36     
419 , 1.547, 36     
420 , 1.549, 36     
421 , 1.551, 36     
422 , 1.553, 36     
423 , 1.555, 36     
424 , 1.557, 36     
425 , 1.559, 36     
426 , 1.561, 36     
427 , 1.563, 36     
428 , 1.565, 36     
429 , 1.567, 35     
430 , 1.569, 35     
431 , 1.571, 35     
432 , 1.573, 35     
433 , 1.575, 35     
434 , 1.577, 35     
435 , 1.579, 35     
436 , 1.581, 35     
437 , 1.583, 34     
438 , 1.585, 34     
439 , 1.587, 34     
440 , 1.589, 34     
441 , 1.591, 34     
442 , 1.593, 34     
443 , 1.595, 34     
444 , 1.597, 34     
445 , 1.599, 34     
446 , 1.601, 34     
447 , 1.603, 34     
448 , 1.605, 34     
449 , 1.607, 34     
450 , 1.609, 34     
451 , 1.611, 34     
452 , 1.613, 34     
453 , 1.615, 35     
454 , 1.617, 35     
455 , 1.619, 35     
456 , 1.621, 35     
457 , 1.623, 35     
458 , 1.625, 35     
459 , 1.627, 35     
460 , 1.629, 35     
461 , 1.631, 35     
462 , 1.633, 36     
463 , 1.635, 36     
464 , 1.637, 36     
465 , 1.639, 36     
466 , 1.641, 36     
467 , 1.643, 36     
468 , 1.645, 36     
469 , 1.647, 36     
470 , 1.649, 36     
471 , 1.651, 36     
472 , 1.653, 36     
473 , 1.655, 36     
474 , 1.657, 36     
475 , 1.659, 36     
476 , 1.661, 36     
477 , 1.663, 36     
478 , 1.665, 37     
479 , 1.667, 37     
480 , 1.669, 37     
481 , 1.671, 37     
482 , 1.673, 37     
483 , 1.675, 37     
484 , 1.677, 37     
485 , 1.679, 37     
486 , 1.681, 36     
487 , 1.683, 36     
488 , 1.685, 36     
489 , 1.687, 36     
490 , 1.689, 36     
491 , 1.691, 36     
492 , 1.693, 36     
493 , 1.695, 36     
494 , 1.697, 36     
495 , 1.699, 36     
496 , 1.701, 36     
497 , 1.703, 36     
498 , 1.705, 36     
499 , 1.707, 36     
500 , 1.709, 36     
501 , 1.711, 36     
502 , 1.713, 36     
503 , 1.715, 37     
504 , 1.717, 37     
505 , 1.719, 37     
506 , 1.721, 37     
507 , 1.723, 37     
508 , 1.725, 37     
509 , 1.727, 37     
510 , 1.729, 37     
511 , 1.731, 36     
512 , 1.733, 36     
513 , 1.735, 36     
514 , 1.737, 36     
515 , 1.739, 36     
516 , 1.741, 36     
517 , 1.743, 36     
518 , 1.745, 36     
519 , 1.747, 36     
520 , 1.749, 35     
521 , 1.751, 35     
522 , 1.753, 35     
523 , 1.755, 35     
524 , 1.757, 35     
525 , 1.759, 35     
526 , 1.761, 35     
527 , 1.763, 35     
528 , 1.765, 35     
529 , 1.767, 35     
530 , 1.769, 35     
531 , 1.771, 35     
532 , 1.773, 35     
533 , 1.775, 35     
534 , 1.777, 35     
535 , 1.779, 35     
536 , 1.781, 34     
537 , 1.783, 34     
538 , 1.785, 34     
539 , 1.787, 34     
540 , 1.789, 34     
541 , 1.791, 34     
542 , 1.793, 34     
543 , 1.795, 34     
544 , 1.797, 34     
545 , 1.799, 34     
546 , 1.801, 34     
547 , 1.803, 34     
548 , 1.805, 34     
549 , 1.807, 34     
550 , 1.809, 34     
551 , 1.811, 34     
552 , 1.813, 34     
553 , 1.815, 37     
554 , 1.817, 37     
555 , 1.819, 37     
556 , 1.821, 37     
557 , 1.823, 37     
558 , 1.825, 37     
559 , 1.827, 37     
560 , 1.829, 37     
561 , 1.831, 37     
562 , 1.833, 37     
563 , 1.835, 37     
564 , 1.837, 37     
565 , 1.839, 37     
566 , 1.841, 37     
567 , 1.843, 37     
568 , 1.845, 37     
569 , 1.847, 37     
570 , 1.849, 37     
571 , 1.851, 37     
572 , 1.853, 37     
573 , 1.855, 37     
574 , 1.857, 37     
575 , 1.859, 37     
576 , 1.861, 37     
577 , 1.863, 37     
578 , 1.865, 36     
579 , 1.867, 36     
580 , 1.869, 36     
581 , 1.871, 36     
582 , 1.873, 36     
583 , 1.875, 36     
584 , 1.877, 36     
585 , 1.879, 36     
586 , 1.881, 34     
587 , 1.883, 34     
588 , 1.885, 34     
589 , 1.887, 34     
590 , 1.889, 34     
591 , 1.891, 34     
592 , 1.893, 34     
593 , 1.895, 34     
594 , 1.897, 35     
595 , 1.899, 35     
596 , 1.901, 35     
597 , 1.903, 35     
598 , 1.905, 35     
599 , 1.907, 35     
600 , 1.909, 35     
601 , 1.911, 35     
602 , 1.913, 36     
603 , 1.915, 36     
604 , 1.917, 36     
605 , 1.919, 36     
606 , 1.921, 36     
607 , 1.923, 36     
608 , 1.925, 36     
609 , 1.927, 36     
610 , 1.929, 36     
611 , 1.931, 37     
612 , 1.933, 37     
613 , 1.935, 37     
614 , 1.937, 37     
615 , 1.939, 37     
616 , 1.941, 37     
617 , 1.943, 37     
618 , 1.945, 37     
619 , 1.947, 37     
620 , 1.949, 37     
621 , 1.951, 37     
622 , 1.953, 37     
623 , 1.955, 37     
624 , 1.957, 37     
625 , 1.959, 37     
626 , 1.961, 37     
627 , 1.963, 35     
628 , 1.965, 35     
629 , 1.967, 35     
630 , 1.969, 35     
631 , 1.971, 35     
632 , 1.973, 35     
633 , 1.975, 35     
634 , 1.977, 35     
635 , 1.979, 35     
636 , 1.981, 36     
637 , 1.983, 36     
638 , 1.985, 36     
639 , 1.987, 36     
640 , 1.989, 36     
641 , 1.991, 36     
642 , 1.993, 36     
643 , 1.995, 36     
644 , 1.997, 36     
645 , 1.999, 36     
646 , 2.001, 36     
647 , 2.003, 36     
648 , 2.005, 36     
649 , 2.007, 36     
650 , 2.009, 36     
651 , 2.011, 36     
652 , 2.013, 36     
653 , 2.015, 36     
654 , 2.017, 36     
655 , 2.019, 36     
656 , 2.021, 36     
657 , 2.023, 36     
658 , 2.025, 36     
659 , 2.027, 36     
660 , 2.029, 36     
661 , 2.031, 36     
662 , 2.033, 36     
663 , 2.035, 36     
664 , 2.037, 36     
665 , 2.039, 36     
666 , 2.041, 36     
667 , 2.043, 36     
668 , 2.045, 36     
669 , 2.047, 36     
670 , 2.049, 36     
671 , 2.051, 36     
672 , 2.053, 36     
673 , 2.055, 36     
674 , 2.057, 36     
675 , 2.059, 36     
676 , 2.061, 36     
677 , 2.063, 36     
678 , 2.065, 36     
679 , 2.067, 36     
680 , 2.069, 36     
681 , 2.071, 36     
682 , 2.073, 36     
683 , 2.075, 36     
684 , 2.077, 36     
685 , 2.079, 40     
686 , 2.081, 40     
687 , 2.083, 40     
688 , 2.085, 40     
689 , 2.087, 40     
690 , 2.089, 40     
691 , 2.091, 40     
692 , 2.093, 40     
693 , 2.095, 40     
694 , 2.097, 37     
695 , 2.099, 37     
696 , 2.101, 37     
697 , 2.103, 37     
698 , 2.105, 37     
699 , 2.107, 37     
700 , 2.109, 37     
701 , 2.111, 37     
702 , 2.113, 39     
703 , 2.115, 39     
704 , 2.117, 39     
705 , 2.119, 39     
706 , 2.121, 39     
707 , 2.123, 39     
708 , 2.125, 39     
709 , 2.127, 39     
710 , 2.129, 38     
711 , 2.131, 38     
712 , 2.133, 38     
713 , 2.135, 38     
714 , 2.137, 38     
715 , 2.139, 38     
716 , 2.141, 38     
717 , 2.143, 38     
718 , 2.145, 38     
719 , 2.147, 38     
720 , 2.149, 38     
721 , 2.151, 38     
722 , 2.153, 38     
723 , 2.155, 38     
724 , 2.157, 38     
725 , 2.159, 38     
726 , 2.161, 38     
727 , 2.163, 35     
728 , 2.165, 35     
729 , 2.167, 35     
730 , 2.169, 35     
731 , 2.171, 35     
732 , 2.173, 35     
733 , 2.175, 35     
734 , 2.177, 35     
735 , 2.179, 36     
736 , 2.181, 36     
737 , 2.183, 36     
738 , 2.185, 36     
739 , 2.187, 36     
740 , 2.189, 36     
741 , 2.191, 36     
742 , 2.193, 36     
743 , 2.195, 38     
744 , 2.197, 38     
745 , 2.199, 38     
746 , 2.201, 38     
747 , 2.203, 38     
748 , 2.205, 38     
749 , 2.207, 38     
750 , 2.209, 38     
751 , 2.211, 38     
752 , 2.213, 38     
753 , 2.215, 38     
754 , 2.217, 38     
755 , 2.219, 38     
756 , 2.221, 38     
757 , 2.223, 38     
758 , 2.225, 38     
759 , 2.227, 38     
760 , 2.229, 38     
761 , 2.231, 38     
762 , 2.233, 38     
763 , 2.235, 38     
764 , 2.237, 38     
765 , 2.239, 38     
766 , 2.241, 38     
767 , 2.243, 38     
768 , 2.245, 39     
769 , 2.247, 39     
770 , 2.249, 39     
771 , 2.251, 39     
772 , 2.253, 39     
773 , 2.255, 39     
774 , 2.257, 39     
775 , 2.259, 39     
776 , 2.261, 40     
777 , 2.263, 40     
778 , 2.265, 40     
779 , 2.267, 40     
780 , 2.269, 40     
781 , 2.271, 40     
782 , 2.273, 40     
783 , 2.275, 40     
784 , 2.277, 40     
785 , 2.279, 40     
786 , 2.281, 40     
787 , 2.283, 40     
788 , 2.285, 40     
789 , 2.287, 40     
790 , 2.289, 40     
791 , 2.291, 40     
792 , 2.293, 40     
793 , 2.295, 38     
794 , 2.297, 38     
795 , 2.299, 38     
796 , 2.301, 38     
797 , 2.303, 38     
798 , 2.305, 38     
799 , 2.307, 38     
800 , 2.309, 38     
801 , 2.311, 45     
802 , 2.313, 45     
803 , 2.315, 45     
804 , 2.317, 45     
805 , 2.319, 45     
806 , 2.321, 45     
807 , 2.323, 45     
808 , 2.325, 45     
809 , 2.327, 45     
810 , 2.329, 53     
811 , 2.331, 53     
812 , 2.333, 53     
813 , 2.335, 53     
814 , 2.337, 53     
815 , 2.339, 53     
816 , 2.341, 53     
817 , 2.343, 53     
818 , 2.345, 63     
819 , 2.347, 63     
820 , 2.349, 63     
821 , 2.351, 63     
822 , 2.353, 63     
823 , 2.355, 63     
824 , 2.357, 63     
825 , 2.359, 63     
826 , 2.361, 73     
827 , 2.363, 73     
828 , 2.365, 73     
829 , 2.367, 73     
830 , 2.369, 73     
831 , 2.371, 73     
832 , 2.373, 73     
833 , 2.375, 73     
834 , 2.377, 73     
835 , 2.379, 73     
836 , 2.381, 73     
837 , 2.383, 73     
838 , 2.385, 73     
839 , 2.387, 73     
840 , 2.389, 73     
841 , 2.391, 73     
842 , 2.393, 73     
843 , 2.395, 73     
844 , 2.397, 73     
845 , 2.399, 73     
846 , 2.401, 73     
847 , 2.403, 73     
848 , 2.405, 73     
849 , 2.407, 73     
850 , 2.409, 73     
851 , 2.411, 73     
852 , 2.413, 73     
853 , 2.415, 73     
854 , 2.417, 73     
855 , 2.419, 73     
856 , 2.421, 73     
857 , 2.423, 73     
858 , 2.425, 73     
859 , 2.427, 72     
860 , 2.429, 72     
861 , 2.431, 72     
862 , 2.433, 72     
863 , 2.435, 72     
864 , 2.437, 72     
865 , 2.439, 72     
866 , 2.441, 72     
867 , 2.443, 72     
868 , 2.445, 73     
869 , 2.447, 73     
870 , 2.449, 73     
871 , 2.451, 73     
872 , 2.453, 73     
873 , 2.455, 73     
874 , 2.457, 73     
875 , 2.459, 73     
876 , 2.461, 73     
877 , 2.463, 73     
878 , 2.465, 73     
879 , 2.467, 73     
880 , 2.469, 73     
881 , 2.471, 73     
882 , 2.473, 73     
883 , 2.475, 73     
884 , 2.477, 75     
885 , 2.479, 75     
886 , 2.481, 75     
887 , 2.483, 75     
888 , 2.485, 75     
889 , 2.487, 75     
890 , 2.489, 75     
891 , 2.491, 75     
892 , 2.493, 75     
893 , 2.495, 75     
894 , 2.497, 75     
895 , 2.499, 75     
896 , 2.501, 75     
897 , 2.503, 75     
898 , 2.505, 75     
899 , 2.507, 75     
900 , 2.509, 75     
901 , 2.511, 75     
902 , 2.513, 75     
903 , 2.515, 75     
904 , 2.517, 75     
905 , 2.519, 75     
906 , 2.521, 75     
907 , 2.523, 75     
908 , 2.525, 75     
909 , 2.527, 74     
910 , 2.529, 74     
911 , 2.531, 74     
912 , 2.533, 74     
913 , 2.535, 74     
914 , 2.537, 74     
915 , 2.539, 74     
916 , 2.541, 74     
917 , 2.543, 72     
918 , 2.545, 72     
919 , 2.547, 72     
920 , 2.549, 72     
921 , 2.551, 72     
922 , 2.553, 72     
923 , 2.555, 72     
924 , 2.557, 72     
925 , 2.559, 72     
926 , 2.561, 74     
927 , 2.563, 74     
928 , 2.565, 74     
929 , 2.567, 74     
930 , 2.569, 74     
931 , 2.571, 74     
932 , 2.573, 74     
933 , 2.575, 74     
934 , 2.577, 74     
935 , 2.579, 74     
936 , 2.581, 74     
937 , 2.583, 74     
938 , 2.585, 74     
939 , 2.587, 74     
940 , 2.589, 74     
941 , 2.591, 74     
942 , 2.593, 75     
943 , 2.595, 75     
944 , 2.597, 75     
945 , 2.599, 75     
946 , 2.601, 75     
947 , 2.603, 75     
948 , 2.605, 75     
949 , 2.607, 75     
950 , 2.609, 75     
951 , 2.611, 75     
952 , 2.613, 75     
953 , 2.615, 75     
954 , 2.617, 75     
955 , 2.619, 75     
956 , 2.621, 75     
957 , 2.623, 75     
958 , 2.625, 75     
959 , 2.627, 71     
960 , 2.629, 71     
961 , 2.631, 71     
962 , 2.633, 71     
963 , 2.635, 71     
964 , 2.637, 71     
965 , 2.639, 71     
966 , 2.641, 71     
967 , 2.643, 62     
968 , 2.645, 62     
969 , 2.647, 62     
970 , 2.649, 62     
971 , 2.651, 62     
972 , 2.653, 62     
973 , 2.655, 62     
974 , 2.657, 62     
975 , 2.659, 49     
976 , 2.661, 49     
977 , 2.663, 49     
978 , 2.665, 49     
979 , 2.667, 49     
980 , 2.669, 49     
981 , 2.671, 49     
982 , 2.673, 49     
983 , 2.675, 49     
984 , 2.677, 40     
985 , 2.679, 40     
986 , 2.681, 40     
987 , 2.683, 40     
988 , 2.685, 40     
989 , 2.687, 40     
990 , 2.689, 40     
991 , 2.691, 40     
992 , 2.693, 36     
993 , 2.695, 36     
994 , 2.697, 36     
995 , 2.699, 36     
996 , 2.701, 36     
997 , 2.703, 36     
998 , 2.705, 36     
999 , 2.707, 36     
1000, 2.709, 37     
1001, 2.711, 37     
1002, 2.713, 37     
1003, 2.715, 37     
1004, 2.717, 37     
1005, 2.719, 37     
1006, 2.721, 37     
1007, 2.723, 37     
1008, 2.725, 38     
1009, 2.727, 38     
1010, 2.729, 38     
1011, 2.731, 38     
1012, 2.733, 38     
1013, 2.735, 38     
1014, 2.737, 38     
1015, 2.739, 38     
1016, 2.741, 38     
1017, 2.743, 38     
1018, 2.745, 38     
1019, 2.747, 38     
1020, 2.749, 38     
1021, 2.751, 38     
1022, 2.753, 38     
1023, 2.755, 38     
1024, 2.757, 38     
1025, 2.759, 39     
1026, 2.761, 39     
1027, 2.763, 39     
1028, 2.765, 39     
1029, 2.767, 39     
1030, 2.769, 39     
1031, 2.771, 39     
1032, 2.773, 39     
1033, 2.775, 39     
1034, 2.777, 39     
1035, 2.779, 39     
1036, 2.781, 39     
1037, 2.783, 39     
1038, 2.785, 39     
1039, 2.787, 39     
1040, 2.789, 39     
1041, 2.791, 39     
1042, 2.793, 39     
1043, 2.795, 39     
1044, 2.797, 39     
1045, 2.799, 39     
1046, 2.801, 39     
1047, 2.803, 39     
1048, 2.805, 39     
1049, 2.807, 39     
1050, 2.809, 39     
1051, 2.811, 39     
1052, 2.813, 39     
1053, 2.815, 39     
1054, 2.817, 39     
1055, 2.819, 39     
1056, 2.821, 39     
1057, 2.823, 39     
1058, 2.825, 38     
1059, 2.827, 38     
1060, 2.829, 38     
1061, 2.831, 38     
1062, 2.833, 38     
1063, 2.835, 38     
1064, 2.837, 38     
1065, 2.839, 38     
1066, 2.841, 37     
1067, 2.843, 37     
1068, 2.845, 37     
1069, 2.847, 37     
1070, 2.849, 37     
1071, 2.851, 37     
1072, 2.853, 37     
1073, 2.855, 37     
1074, 2.857, 37     
1075, 2.859, 38     
1076, 2.861, 38     
1077, 2.863, 38     
1078, 2.865, 38     
1079, 2.867, 38     
1080, 2.869, 38     
1081, 2.871, 38     
1082, 2.873, 38     
1083, 2.875, 38     
1084, 2.877, 38     
1085, 2.879, 38     
1086, 2.881, 38     
1087, 2.883, 38     
1088, 2.885, 38     
1089, 2.887, 38     
1090, 2.889, 38     
1091, 2.891, 38     
1092, 2.893, 38     
1093, 2.895, 38     
1094, 2.897, 38     
1095, 2.899, 38     
1096, 2.901, 38     
1097, 2.903, 38     
1098, 2.905, 38     
1099, 2.907, 39     
1100, 2.909, 39     
1101, 2.911, 39     
1102, 2.913, 39     
1103, 2.915, 39     
1104, 2.917, 39     
1105, 2.919, 39     
1106, 2.921, 39     
1107, 2.923, 39     
1108, 2.925, 38     
1109, 2.927, 38     
1110, 2.929, 38     
1111, 2.931, 38     
1112, 2.933, 38     
1113, 2.935, 38     
1114, 2.937, 38     
1115, 2.939, 38     
1116, 2.941, 38     
1117, 2.943, 38     
1118, 2.945, 38     
1119, 2.947, 38     
1120, 2.949, 38     
1121, 2.951, 38     
1122, 2.953, 38     
1123, 2.955, 38     
1124, 2.957, 46     
1125, 2.959, 46     
1126, 2.961, 46     
1127, 2.963, 46     
1128, 2.965, 46     
1129, 2.967, 46     
1130, 2.969, 46     
1131, 2.971, 46     
1132, 2.973, 46     
1133, 2.975, 54     
1134, 2.977, 54     
1135, 2.979, 54     
1136, 2.981, 54     
1137, 2.983, 54     
1138, 2.985, 54     
1139, 2.987, 54     
1140, 2.989, 54     
1141, 2.991, 66     
1142, 2.993, 66     
1143, 2.995, 66     
1144, 2.997, 66     
1145, 2.999, 66     
1146, 3.001, 66     
1147, 3.003, 66     
1148, 3.005, 66     
1149, 3.007, 73     
1150, 3.009, 73     
1151, 3.011, 73     
1152, 3.013, 73     
1153, 3.015, 73     
1154, 3.017, 73     
1155, 3.019, 73     
1156, 3.021, 73     
1157, 3.023, 81     
1158, 3.025, 81     
1159, 3.027, 81     
1160, 3.029, 81     
1161, 3.031, 81     
1162, 3.033, 81     
1163, 3.035, 81     
1164, 3.037, 81     
1165, 3.039, 81     
1166, 3.041, 74     
1167, 3.043, 74     
1168, 3.045, 74     
1169, 3.047, 74     
1170, 3.049, 74     
1171, 3.051, 74     
1172, 3.053, 74     
1173, 3.055, 74     
1174, 3.057, 78     
1175, 3.059, 78     
1176, 3.061, 78     
1177, 3.063, 78     
1178, 3.065, 78     
1179, 3.067, 78     
1180, 3.069, 78     
1181, 3.071, 78     
1182, 3.073, 74     
1183, 3.075, 74     
1184, 3.077, 74     
1185, 3.079, 74     
1186, 3.081, 74     
1187, 3.083, 74     
1188, 3.085, 74     
1189, 3.087, 74     
1190, 3.089, 74     
1191, 3.091, 79     
1192, 3.093, 79     
1193, 3.095, 79     
1194, 3.097, 79     
1195, 3.099, 79     
1196, 3.101, 79     
1197, 3.103, 79     
1198, 3.105, 79     
1199, 3.107, 75     
1200, 3.109, 75     
1201, 3.111, 75     
1202, 3.113, 75     
1203, 3.115, 75     
1204, 3.117, 75     
1205, 3.119, 75     
1206, 3.121, 75     
1207, 3.123, 81     
1208, 3.125, 81     
1209, 3.127, 81     
1210, 3.129, 81     
1211, 3.131, 81     
1212, 3.133, 81     
1213, 3.135, 81     
1214, 3.137, 81     
1215, 3.139, 75     
1216, 3.141, 75     
1217, 3.143, 75     
1218, 3.145, 75     
1219, 3.147, 75     
1220, 3.149, 75     
1221, 3.151, 75     
1222, 3.153, 75     
1223, 3.155, 75     
1224, 3.157, 80     
1225, 3.159, 80     
1226, 3.161, 80     
1227, 3.163, 80     
1228, 3.165, 80     
1229, 3.167, 80     
1230, 3.169, 80     
1231, 3.171, 80     
1232, 3.173, 80     
1233, 3.175, 80     
1234, 3.177, 80     
1235, 3.179, 80     
1236, 3.181, 80     
1237, 3.183, 80     
1238, 3.185, 80     
1239, 3.187, 80     
1240, 3.189, 80     
1241, 3.191, 80     
1242, 3.193, 80     
1243, 3.195, 80     
1244, 3.197, 80     
1245, 3.199, 80     
1246, 3.201, 80     
1247, 3.203, 80     
1248, 3.205, 80     
1249, 3.207, 81     
1250, 3.209, 81     
1251, 3.211, 81     
1252, 3.213, 81     
1253, 3.215, 81     
1254, 3.217, 81     
1255, 3.219, 81     
1256, 3.221, 81     
1257, 3.223, 81     
1258, 3.225, 81     
1259, 3.227, 81     
1260, 3.229, 81     
1261, 3.231, 81     
1262, 3.233, 81     
1263, 3.235, 81     
1264, 3.237, 81     
1265, 3.239, 79     
1266, 3.241, 79     
1267, 3.243, 79     
1268, 3.245, 79     
1269, 3.247, 79     
1270, 3.249, 79     
1271, 3.251, 79     
1272, 3.253, 79     
1273, 3.255, 75     
1274, 3.257, 75     
1275, 3.259, 75     
1276, 3.261, 75     
1277, 3.263, 75     
1278, 3.265, 75     
1279, 3.267, 75     
1280, 3.269, 75     
1281, 3.271, 75     
1282, 3.273, 66     
1283, 3.275, 66     
1284, 3.277, 66     
1285, 3.279, 66     
1286, 3.281, 66     
1287, 3.283, 66     
1288, 3.285, 66     
1289, 3.287, 66     
1290, 3.289, 59     
1291, 3.291, 59     
1292, 3.293, 59     
1293, 3.295, 59     
1294, 3.297, 59     
1295, 3.299, 59     
1296, 3.301, 59     
1297, 3.303, 59     
1298, 3.305, 47     
1299, 3.307, 47     
1300, 3.309, 47     
1301, 3.311, 47     
1302, 3.313, 47     
1303, 3.315, 47     
1304, 3.317, 47     
1305, 3.319, 47     
1306, 3.321, 47     
1307, 3.323, 41     
1308, 3.325, 41     
1309, 3.327, 41     
1310, 3.329, 41     
1311, 3.331, 41     
1312, 3.333, 41     
1313, 3.335, 41     
1314, 3.337, 41     
1315, 3.339, 41     
1316, 3.341, 41     
1317, 3.343, 41     
1318, 3.345, 41     
1319, 3.347, 41     
1320, 3.349, 41     
1321, 3.351, 41     
1322, 3.353, 41     
1323, 3.355, 42     
1324, 3.357, 42     
1325, 3.359, 42     
1326, 3.361, 42     
1327, 3.363, 42     
1328, 3.365, 42     
1329, 3.367, 42     
1330, 3.369, 42     
1331, 3.371, 42     
1332, 3.373, 42     
1333, 3.375, 42     
1334, 3.377, 42     
1335, 3.379, 42     
1336, 3.381, 42     
1337, 3.383, 42     
1338, 3.385, 42     
1339, 3.387, 42     
1340, 3.389, 41     
1341, 3.391, 41     
1342, 3.393, 41     
1343, 3.395, 41     
1344, 3.397, 41     
1345, 3.399, 41     
1346, 3.401, 41     
1347, 3.403, 41     
1348, 3.405, 43     
1349, 3.407, 43     
1350, 3.409, 43     
1351, 3.411, 43     
1352, 3.413, 43     
1353, 3.415, 43     
1354, 3.417, 43     
1355, 3.419, 43     
1356, 3.421, 43     
1357, 3.423, 43     
1358, 3.425, 43     
1359, 3.427, 43     
1360, 3.429, 43     
1361, 3.431, 43     
1362, 3.433, 43     
1363, 3.435, 43     
1364, 3.437, 43     
1365, 3.439, 44     
1366, 3.441, 44     
1367, 3.443, 44     
1368, 3.445, 44     
1369, 3.447, 44     
1370, 3.449, 44     
1371, 3.451, 44     
1372, 3.453, 44     
1373, 3.455, 44     
1374, 3.457, 44     
1375, 3.459, 44     
1376, 3.461, 44     
1377, 3.463, 44     
1378, 3.465, 44     
1379, 3.467, 44     
1380, 3.469, 44     
1381, 3.471, 43     
1382, 3.473, 43     
1383, 3.475, 43     
1384, 3.477, 43     
1385, 3.479, 43     
1386, 3.481, 43     
1387, 3.483, 43     
1388, 3.485, 43     
1389, 3.487, 43     
1390, 3.489, 43     
1391, 3.491, 43     
1392, 3.493, 43     
1393, 3.495, 43     
1394, 3.497, 43     
1395, 3.499, 43     
1396, 3.501, 43     
1397, 3.503, 43     
1398, 3.505, 42     
1399, 3.507, 42     
1400, 3.509, 42     
1401, 3.511, 42     
1402, 3.513, 42     
1403, 3.515, 42     
1404, 3.517, 42     
1405, 3.519, 42     
1406, 3.521, 40     
1407, 3.523, 40     
1408, 3.525, 40     
1409, 3.527, 40     
1410, 3.529, 40     
1411, 3.531, 40     
1412, 3.533, 40     
1413, 3.535, 40     
1414, 3.537, 40     
1415, 3.539, 40     
1416, 3.541, 40     
1417, 3.543, 40     
1418, 3.545, 40     
1419, 3.547, 40     
1420, 3.549, 40     
1421, 3.551, 40     
1422, 3.553, 40     
1423, 3.555, 42     
1424, 3.557, 42     
1425, 3.559, 42     
1426, 3.561, 42     
1427, 3.563, 42     
1428, 3.565, 42     
1429, 3.567, 42     
1430, 3.569, 42     
1431, 3.571, 42     
1432, 3.573, 42     
1433, 3.575, 42     
1434, 3.577, 42     
1435, 3.579, 42     
1436, 3.581, 42     
1437, 3.583, 42     
1438, 3.585, 42     
1439, 3.587, 41     
1440, 3.589, 41     
1441, 3.591, 41     
1442, 3.593, 41     
1443, 3.595, 41     
1444, 3.597, 41     
1445, 3.599, 41     
1446, 3.601, 41     
1447, 3.603, 41     
1448, 3.605, 41     
1449, 3.607, 41     
1450, 3.609, 41     
1451, 3.611, 41     
1452, 3.613, 41     
1453, 3.615, 41     
1454, 3.617, 41     
1455, 3.619, 41     
1456, 3.621, 41     
1457, 3.623, 41     
1458, 3.625, 41     
1459, 3.627, 41     
1460, 3.629, 41     
1461, 3.631, 41     
1462, 3.633, 41     
1463, 3.635, 41     
1464, 3.637, 41     
1465, 3.639, 41     
1466, 3.641, 41     
1467, 3.643, 41     
1468, 3.645, 41     
1469, 3.647, 41     
1470, 3.649, 41     
1471, 3.651, 41     
1472, 3.653, 42     
1473, 3.655, 42     
1474, 3.657, 42     
1475, 3.659, 42     
1476, 3.661, 42     
1477, 3.663, 42     
1478, 3.665, 42     
1479, 3.667, 42     
1480, 3.669, 42     
1481, 3.671, 42     
1482, 3.673, 42     
1483, 3.675, 42     
1484, 3.677, 42     
1485, 3.679, 42     
1486, 3.681, 42     
1487, 3.683, 42     
1488, 3.685, 42     
1489, 3.687, 43     
1490, 3.689, 43     
1491, 3.691, 43     
1492, 3.693, 43     
1493, 3.695, 43     
1494, 3.697, 43     
1495, 3.699, 43     
1496, 3.701, 43     
1497, 3.703, 43     
1498, 3.705, 43     
1499, 3.707, 43     
1500, 3.709, 43     
1501, 3.711, 43     
1502, 3.713, 43     
1503, 3.715, 43     
1504, 3.717, 43     
1505, 3.719, 43     
1506, 3.721, 43     
1507, 3.723, 43     
1508, 3.725, 43     
1509, 3.727, 43     
1510, 3.729, 43     
1511, 3.731, 43     
1512, 3.733, 43     
1513, 3.735, 43     
1514, 3.737, 43     
1515, 3.739, 43     
1516, 3.741, 43     
1517, 3.743, 43     
1518, 3.745, 43     
1519, 3.747, 43     
1520, 3.749, 43     
1521, 3.751, 43     
1522, 3.753, 43     
1523, 3.755, 43     
1524, 3.757, 43     
1525, 3.759, 43     
1526, 3.761, 43     
1527, 3.763, 43     
1528, 3.765, 43     
1529, 3.767, 43     
1530, 3.769, 42     
1531, 3.771, 42     
1532, 3.773, 42     
1533, 3.775, 42     
1534, 3.777, 42     
1535, 3.779, 42     
1536, 3.781, 42     
1537, 3.783, 42     
1538, 3.785, 42     
1539, 3.787, 42     
1540, 3.789, 42     
1541, 3.791, 42     
1542, 3.793, 42     
1543, 3.795, 42     
1544, 3.797, 42     
1545, 3.799, 42     
1546, 3.801, 42     
1547, 3.803, 41     
1548, 3.805, 41     
1549, 3.807, 41     
1550, 3.809, 41     
1551, 3.811, 41     
1552, 3.813, 41     
1553, 3.815, 41     
1554, 3.817, 41     
1555, 3.819, 41     
1556, 3.821, 41     
1557, 3.823, 41     
1558, 3.825, 41     
1559, 3.827, 41     
1560, 3.829, 41     
1561, 3.831, 41     
1562, 3.833, 41     
1563, 3.835, 41     
1564, 3.837, 41     
1565, 3.839, 41     
1566, 3.841, 41     
1567, 3.843, 41     
1568, 3.845, 41     
1569, 3.847, 41     
1570, 3.849, 41     
1571, 3.851, 41     
1572, 3.853, 42     
1573, 3.855, 42     
1574, 3.857, 42     
1575, 3.859, 42     
1576, 3.861, 42     
1577, 3.863, 42     
1578, 3.865, 42     
1579, 3.867, 42     
1580, 3.869, 43     
1581, 3.871, 43     
1582, 3.873, 43     
1583, 3.875, 43     
1584, 3.877, 43     
1585, 3.879, 43     
1586, 3.881, 43     
1587, 3.883, 43     
1588, 3.885, 43     
1589, 3.887, 43     
1590, 3.889, 43     
1591, 3.891, 43     
1592, 3.893, 43     
1593, 3.895, 43     
1594, 3.897, 43     
1595, 3.899, 43     
1596, 3.901, 43     
1597, 3.903, 43     
1598, 3.905, 43     
1599, 3.907, 43     
1600, 3.909, 43     
1601, 3.911, 43     
1602, 3.913, 43     
1603, 3.915, 43     
1604, 3.917, 43     
1605, 3.919, 41     
1606, 3.921, 41     
1607, 3.923, 41     
1608, 3.925, 41     
1609, 3.927, 41     
1610, 3.929, 41     
1611, 3.931, 41     
1612, 3.933, 41     
1613, 3.935, 41     
1614, 3.937, 41     
1615, 3.939, 41     
1616, 3.941, 41     
1617, 3.943, 41     
1618, 3.945, 41     
1619, 3.947, 41     
1620, 3.949, 41     
1621, 3.951, 40     
1622, 3.953, 40     
1623, 3.955, 40     
1624, 3.957, 40     
1625, 3.959, 40     
1626, 3.961, 40     
1627, 3.963, 40     
1628, 3.965, 40     
1629, 3.967, 40     
1630, 3.969, 40     
1631, 3.971, 40     
1632, 3.973, 40     
1633, 3.975, 40     
1634, 3.977, 40     
1635, 3.979, 40     
1636, 3.981, 40     
1637, 3.983, 40     
1638, 3.985, 41     
1639, 3.987, 41     
1640, 3.989, 41     
1641, 3.991, 41     
1642, 3.993, 41     
1643, 3.995, 41     
1644, 3.997, 41     
1645, 3.999, 41     
1646, 4.001, 41     
1647, 4.003, 41     
1648, 4.005, 41     
1649, 4.007, 41     
1650, 4.009, 41     
1651, 4.011, 41     
1652, 4.013, 41     
1653, 4.015, 41     
1654, 4.017, 41     
1655, 4.019, 41     
1656, 4.021, 41     
1657, 4.023, 41     
1658, 4.025, 41     
1659, 4.027, 41     
1660, 4.029, 41     
1661, 4.031, 41     
1662, 4.033, 41     
1663, 4.035, 42     
1664, 4.037, 42     
1665, 4.039, 42     
1666, 4.041, 42     
1667, 4.043, 42     
1668, 4.045, 42     
1669, 4.047, 42     
1670, 4.049, 42     
1671, 4.051, 40     
1672, 4.053, 40     
1673, 4.055, 40     
1674, 4.057, 40     
1675, 4.059, 40     
1676, 4.061, 40     
1677, 4.063, 40     
1678, 4.065, 40     
1679, 4.067, 40     
1680, 4.069, 40     
1681, 4.071, 40     
1682, 4.073, 40     
1683, 4.075, 40     
1684, 4.077, 40     
1685, 4.079, 40     
1686, 4.081, 40     
1687, 4.083, 40     
1688, 4.085, 41     
1689, 4.087, 41     
1690, 4.089, 41     
1691, 4.091, 41     
1692, 4.093, 41     
1693, 4.095, 41     
1694, 4.097, 41     
1695, 4.099, 41     
1696, 4.101, 41     
1697, 4.103, 41     
1698, 4.105, 41     
1699, 4.107, 41     
1700, 4.109, 41     
1701, 4.111, 41     
1702, 4.113, 41     
1703, 4.115, 41     
1704, 4.117, 43     
1705, 4.119, 43     
1706, 4.121, 43     
1707, 4.123, 43     
1708, 4.125, 43     
1709, 4.127, 43     
1710, 4.129, 43     
1711, 4.131, 43     
1712, 4.133, 52     
1713, 4.135, 52     
1714, 4.137, 52     
1715, 4.139, 52     
1716, 4.141, 52     
1717, 4.143, 52     
1718, 4.145, 52     
1719, 4.147, 52     
1720, 4.149, 52     
1721, 4.151, 64     
1722, 4.153, 64     
1723, 4.155, 64     
1724, 4.157, 64     
1725, 4.159, 64     
1726, 4.161, 64     
1727, 4.163, 64     
1728, 4.165, 64     
1729, 4.167, 71     
1730, 4.169, 71     
1731, 4.171, 71     
1732, 4.173, 71     
1733, 4.175, 71     
1734, 4.177, 71     
1735, 4.179, 71     
1736, 4.181, 71     
1737, 4.183, 80     
1738, 4.185, 80     
1739, 4.187, 80     
1740, 4.189, 80     
1741, 4.191, 80     
1742, 4.193, 80     
1743, 4.195, 80     
1744, 4.197, 80     
1745, 4.199, 80     
1746, 4.201, 80     
1747, 4.203, 80     
1748, 4.205, 80     
1749, 4.207, 80     
1750, 4.209, 80     
1751, 4.211, 80     
1752, 4.213, 80     
1753, 4.215, 80     
1754, 4.217, 81     
1755, 4.219, 81     
1756, 4.221, 81     
1757, 4.223, 81     
1758, 4.225, 81     
1759, 4.227, 81     
1760, 4.229, 81     
1761, 4.231, 81     
1762, 4.233, 80     
1763, 4.235, 80     
1764, 4.237, 80     
1765, 4.239, 80     
1766, 4.241, 80     
1767, 4.243, 80     
1768, 4.245, 80     
1769, 4.247, 80     
1770, 4.249, 79     
1771, 4.251, 79     
1772, 4.253, 79     
1773, 4.255, 79     
1774, 4.257, 79     
1775, 4.259, 79     
1776, 4.261, 79     
1777, 4.263, 79     
1778, 4.265, 79     
1779, 4.267, 78     
1780, 4.269, 78     
1781, 4.271, 78     
1782, 4.273, 78     
1783, 4.275, 78     
1784, 4.277, 78     
1785, 4.279, 78     
1786, 4.281, 78     
1787, 4.283, 78     
1788, 4.285, 78     
1789, 4.287, 78     
1790, 4.289, 78     
1791, 4.291, 78     
1792, 4.293, 78     
1793, 4.295, 78     
1794, 4.297, 78     
1795, 4.299, 77     
1796, 4.301, 77     
1797, 4.303, 77     
1798, 4.305, 77     
1799, 4.307, 77     
1800, 4.309, 77     
1801, 4.311, 77     
1802, 4.313, 77     
1803, 4.315, 77     
1804, 4.317, 78     
1805, 4.319, 78     
1806, 4.321, 78     
1807, 4.323, 78     
1808, 4.325, 78     
1809, 4.327, 78     
1810, 4.329, 78     
1811, 4.331, 78     
1812, 4.333, 79     
1813, 4.335, 79     
1814, 4.337, 79     
1815, 4.339, 79     
1816, 4.341, 79     
1817, 4.343, 79     
1818, 4.345, 79     
1819, 4.347, 79     
1820, 4.349, 79     
1821, 4.351, 79     
1822, 4.353, 79     
1823, 4.355, 79     
1824, 4.357, 79     
1825, 4.359, 79     
1826, 4.361, 79     
1827, 4.363, 79     
1828, 4.365, 78     
1829, 4.367, 78     
1830, 4.369, 78     
1831, 4.371, 78     
1832, 4.373, 78     
1833, 4.375, 78     
1834, 4.377, 78     
1835, 4.379, 78     
1836, 4.381, 78     
1837, 4.383, 79     
1838, 4.385, 79     
1839, 4.387, 79     
1840, 4.389, 79     
1841, 4.391, 79     
1842, 4.393, 79     
1843, 4.395, 79     
1844, 4.397, 79     
1845, 4.399, 77     
1846, 4.401, 77     
1847, 4.403, 77     
1848, 4.405, 77     
1849, 4.407, 77     
1850, 4.409, 77     
1851, 4.411, 77     
1852, 4.413, 77     
1853, 4.415, 79     
1854, 4.417, 79     
1855, 4.419, 79     
1856, 4.421, 79     
1857, 4.423, 79     
1858, 4.425, 79     
1859, 4.427, 79     
1860, 4.429, 79     
1861, 4.431, 79     
1862, 4.433, 79     
1863, 4.435, 79     
1864, 4.437, 79     
1865, 4.439, 79     
1866, 4.441, 79     
1867, 4.443, 79     
1868, 4.445, 79     
1869, 4.447, 79     
1870, 4.449, 78     
1871, 4.451, 78     
1872, 4.453, 78     
1873, 4.455, 78     
1874, 4.457, 78     
1875, 4.459, 78     
1876, 4.461, 78     
1877, 4.463, 78     
1878, 4.465, 78     
1879, 4.467, 78     
1880, 4.469, 78     
1881, 4.471, 78     
1882, 4.473, 78     
1883, 4.475, 78     
1884, 4.477, 78     
1885, 4.479, 78     
1886, 4.481, 77     
1887, 4.483, 77     
1888, 4.485, 77     
1889, 4.487, 77     
1890, 4.489, 77     
1891, 4.491, 77     
1892, 4.493, 77     
1893, 4.495, 77     
1894, 4.497, 77     
1895, 4.499, 77     
1896, 4.501, 77     
1897, 4.503, 77     
1898, 4.505, 77     
1899, 4.507, 77     
1900, 4.509, 77     
1901, 4.511, 77     
1902, 4.513, 77     
1903, 4.515, 78     
1904, 4.517, 78     
1905, 4.519, 78     
1906, 4.521, 78     
1907, 4.523, 78     
1908, 4.525, 78     
1909, 4.527, 78     
1910, 4.529, 78     
1911, 4.531, 78     
1912, 4.533, 78     
1913, 4.535, 78     
1914, 4.537, 78     
1915, 4.539, 78     
1916, 4.541, 78     
1917, 4.543, 78     
1918, 4.545, 78     
1919, 4.547, 78     
1920, 4.549, 79     
1921, 4.551, 79     
1922, 4.553, 79     
1923, 4.555, 79     
1924, 4.557, 79     
1925, 4.559, 79     
1926, 4.561, 79     
1927, 4.563, 79     
1928, 4.565, 79     
1929, 4.567, 79     
1930, 4.569, 79     
1931, 4.571, 79     
1932, 4.573, 79     
1933, 4.575, 79     
1934, 4.577, 79     
1935, 4.579, 79     
1936, 4.581, 80     
1937, 4.583, 80     
1938, 4.585, 80     
1939, 4.587, 80     
1940, 4.589, 80     
1941, 4.591, 80     
1942, 4.593, 80     
1943, 4.595, 80     
1944, 4.597, 81     
1945, 4.599, 81     
1946, 4.601, 81     
1947, 4.603, 81     
1948, 4.605, 81     
1949, 4.607, 81     
1950, 4.609, 81     
1951, 4.611, 81     
1952, 4.613, 81     
1953, 4.615, 79     
1954, 4.617, 79     
1955, 4.619, 79     
1956, 4.621, 79     
1957, 4.623, 79     
1958, 4.625, 79     
1959, 4.627, 79     
1960, 4.629, 79     
1961, 4.631, 77     
1962, 4.633, 77     
1963, 4.635, 77     
1964, 4.637, 77     
1965, 4.639, 77     
1966, 4.641, 77     
1967, 4.643, 77     
1968, 4.645, 77     
1969, 4.647, 76     
1970, 4.649, 76     
1971, 4.651, 76     
1972, 4.653, 76     
1973, 4.655, 76     
1974, 4.657, 76     
1975, 4.659, 76     
1976, 4.661, 76     
1977, 4.663, 76     
1978, 4.665, 76     
1979, 4.667, 76     
1980, 4.669, 76     
1981, 4.671, 76     
1982, 4.673, 76     
1983, 4.675, 76     
1984, 4.677, 76     
1985, 4.679, 76     
1986, 4.681, 79     
1987, 4.683, 79     
1988, 4.685, 79     
1989, 4.687, 79     
1990, 4.689, 79     
1991, 4.691, 79     
1992, 4.693, 79     
1993, 4.695, 79     
1994, 4.697, 79     
1995, 4.699, 79     
1996, 4.701, 79     
1997, 4.703, 79     
1998, 4.705, 79     
1999, 4.707, 79     
2000, 4.709, 79     
2001, 4.711, 79     
2002, 4.713, 79     
2003, 4.715, 79     
2004, 4.717, 79     
2005, 4.719, 79     
2006, 4.721, 79     
2007, 4.723, 79     
2008, 4.725, 79     
2009, 4.727, 79     
2010, 4.729, 79     
2011, 4.731, 79     
2012, 4.733, 79     
2013, 4.735, 79     
2014, 4.737, 79     
2015, 4.739, 79     
2016, 4.741, 79     
2017, 4.743, 79     
2018, 4.745, 79     
2019, 4.747, 78     
2020, 4.749, 78     
2021, 4.751, 78     
2022, 4.753, 78     
2023, 4.755, 78     
2024, 4.757, 78     
2025, 4.759, 78     
2026, 4.761, 78     
2027, 4.763, 78     
2028, 4.765, 78     
2029, 4.767, 78     
2030, 4.769, 78     
2031, 4.771, 78     
2032, 4.773, 78     
2033, 4.775, 78     
2034, 4.777, 78     
2035, 4.779, 80     
2036, 4.781, 80     
2037, 4.783, 80     
2038, 4.785, 80     
2039, 4.787, 80     
2040, 4.789, 80     
2041, 4.791, 80     
2042, 4.793, 80     
2043, 4.795, 80     
2044, 4.797, 78     
2045, 4.799, 78     
2046, 4.801, 78     
2047, 4.803, 78     
2048, 4.805, 78     
2049, 4.807, 78     
2050, 4.809, 78     
2051, 4.811, 78     
2052, 4.813, 78     
2053, 4.815, 78     
2054, 4.817, 78     
2055, 4.819, 78     
2056, 4.821, 78     
2057, 4.823, 78     
2058, 4.825, 78     
2059, 4.827, 78     
2060, 4.829, 79     
2061, 4.831, 79     
2062, 4.833, 79     
2063, 4.835, 79     
2064, 4.837, 79     
2065, 4.839, 79     
2066, 4.841, 79     
2067, 4.843, 79     
2068, 4.845, 79     
2069, 4.847, 78     
2070, 4.849, 78     
2071, 4.851, 78     
2072, 4.853, 78     
2073, 4.855, 78     
2074, 4.857, 78     
2075, 4.859, 78     
2076, 4.861, 78     
2077, 4.863, 79     
2078, 4.865, 79     
2079, 4.867, 79     
2080, 4.869, 79     
2081, 4.871, 79     
2082, 4.873, 79     
2083, 4.875, 79     
2084, 4.877, 79     
2085, 4.879, 80     
2086, 4.881, 80     
2087, 4.883, 80     
2088, 4.885, 80     
2089, 4.887, 80     
2090, 4.889, 80     
2091, 4.891, 80     
2092, 4.893, 80     
2093, 4.895, 78     
2094, 4.897, 78     
2095, 4.899, 78     
2096, 4.901, 78     
2097, 4.903, 78     
2098, 4.905, 78     
2099, 4.907, 78     
2100, 4.909, 78     
2101, 4.911, 78     
2102, 4.913, 77     
2103, 4.915, 77     
2104, 4.917, 77     
2105, 4.919, 77     
2106, 4.921, 77     
2107, 4.923, 77     
2108, 4.925, 77     
2109, 4.927, 77     
2110, 4.929, 74     
2111, 4.931, 74     
2112, 4.933, 74     
2113, 4.935, 74     
2114, 4.937, 74     
2115, 4.939, 74     
2116, 4.941, 74     
2117, 4.943, 74     
2118, 4.945, 73     
2119, 4.947, 73     
2120, 4.949, 73     
2121, 4.951, 73     
2122, 4.953, 73     
2123, 4.955, 73     
2124, 4.957, 73     
2125, 4.959, 73     
2126, 4.961, 73     
2127, 4.963, 75     
2128, 4.965, 75     
2129, 4.967, 75     
2130, 4.969, 75     
2131, 4.971, 75     
2132, 4.973, 75     
2133, 4.975, 75     
2134, 4.977, 75     
2135, 4.979, 73     
2136, 4.981, 73     
2137, 4.983, 73     
2138, 4.985, 73     
2139, 4.987, 73     
2140, 4.989, 73     
2141, 4.991, 73     
2142, 4.993, 73     
2143, 4.995, 63     
2144, 4.997, 63     
2145, 4.999, 63     
2146, 5.001, 63     
2147, 5.003, 63     
2148, 5.005, 63     
2149, 5.007, 63     
2150, 5.009, 63     
2151, 5.011, 56     
2152, 5.013, 56     
2153, 5.015, 56     
2154, 5.017, 56     
2155, 5.019, 56     
2156, 5.021, 56     
2157, 5.023, 56     
2158, 5.025, 56     
2159, 5.027, 56     
2160, 5.029, 48     
2161, 5.031, 48     
2162, 5.033, 48     
2163, 5.035, 48     
2164, 5.037, 48     
2165, 5.039, 48     
2166, 5.041, 48     
2167, 5.043, 48     
2168, 5.045, 43     
2169, 5.047, 43     
2170, 5.049, 43     
2171, 5.051, 43     
2172, 5.053, 43     
2173, 5.055, 43     
2174, 5.057, 43     
2175, 5.059, 43     
2176, 5.061, 43     
2177, 5.063, 43     
2178, 5.065, 43     
2179, 5.067, 43     
2180, 5.069, 43     
2181, 5.071, 43     
2182, 5.073, 43     
2183, 5.075, 43     
2184, 5.077, 43     
2185, 5.079, 43     
2186, 5.081, 43     
2187, 5.083, 43     
2188, 5.085, 43     
2189, 5.087, 43     
2190, 5.089, 43     
2191, 5.091, 43     
2192, 5.093, 43     
2193, 5.095, 42     
2194, 5.097, 42     
2195, 5.099, 42     
2196, 5.101, 42     
2197, 5.103, 42     
2198, 5.105, 42     
2199, 5.107, 42     
2200, 5.109, 42     
2201, 5.111, 41     
2202, 5.113, 41     
2203, 5.115, 41     
2204, 5.117, 41     
2205, 5.119, 41     
2206, 5.121, 41     
2207, 5.123, 41     
2208, 5.125, 41     
2209, 5.127, 41     
2210, 5.129, 41     
2211, 5.131, 41     
2212, 5.133, 41     
2213, 5.135, 41     
2214, 5.137, 41     
2215, 5.139, 41     
2216, 5.141, 41     
2217, 5.143, 41     
2218, 5.145, 41     
2219, 5.147, 41     
2220, 5.149, 41     
2221, 5.151, 41     
2222, 5.153, 41     
2223, 5.155, 41     
2224, 5.157, 41     
2225, 5.159, 41     
2226, 5.161, 41     
2227, 5.163, 41     
2228, 5.165, 41     
2229, 5.167, 41     
2230, 5.169, 41     
2231, 5.171, 41     
2232, 5.173, 41     
2233, 5.175, 41     
2234, 5.177, 42     
2235, 5.179, 42     
2236, 5.181, 42     
2237, 5.183, 42     
2238, 5.185, 42     
2239, 5.187, 42     
2240, 5.189, 42     
2241, 5.191, 42     
2242, 5.193, 42     
2243, 5.195, 43     
2244, 5.197, 43     
2245, 5.199, 43     
2246, 5.201, 43     
2247, 5.203, 43     
2248, 5.205, 43     
2249, 5.207, 43     
2250, 5.209, 43     
2251, 5.211, 43     
2252, 5.213, 43     
2253, 5.215, 43     
2254, 5.217, 43     
2255, 5.219, 43     
2256, 5.221, 43     
2257, 5.223, 43     
2258, 5.225, 43     
2259, 5.227, 42     
2260, 5.229, 42     
2261, 5.231, 42     
2262, 5.233, 42     
2263, 5.235, 42     
2264, 5.237, 42     
2265, 5.239, 42     
2266, 5.241, 42     
2267, 5.243, 41     
2268, 5.245, 41     
2269, 5.247, 41     
2270, 5.249, 41     
2271, 5.251, 41     
2272, 5.253, 41     
2273, 5.255, 41     
2274, 5.257, 41     
2275, 5.259, 41     
2276, 5.261, 40     
2277, 5.263, 40     
2278, 5.265, 40     
2279, 5.267, 40     
2280, 5.269, 40     
2281, 5.271, 40     
2282, 5.273, 40     
2283, 5.275, 40     
2284, 5.277, 40     
2285, 5.279, 40     
2286, 5.281, 40     
2287, 5.283, 40     
2288, 5.285, 40     
2289, 5.287, 40     
2290, 5.289, 40     
2291, 5.291, 40     
2292, 5.293, 40     
2293, 5.295, 40     
2294, 5.297, 40     
2295, 5.299, 40     
2296, 5.301, 40     
2297, 5.303, 40     
2298, 5.305, 40     
2299, 5.307, 40     
2300, 5.309, 40     
2301, 5.311, 47     
2302, 5.313, 47     
2303, 5.315, 47     
2304, 5.317, 47     
2305, 5.319, 47     
2306, 5.321, 47     
2307, 5.323, 47     
2308, 5.325, 47     
2309, 5.327, 61     
2310, 5.329, 61     
2311, 5.331, 61     
2312, 5.333, 61     
2313, 5.335, 61     
2314, 5.337, 61     
2315, 5.339, 61     
2316, 5.341, 61     
2317, 5.343, 64     
2318, 5.345, 64     
2319, 5.347, 64     
2320, 5.349, 64     
2321, 5.351, 64     
2322, 5.353, 64     
2323, 5.355, 64     
2324, 5.357, 64     
2325, 5.359, 81     
2326, 5.361, 81     
2327, 5.363, 81     
2328, 5.365, 81     
2329, 5.367, 81     
2330, 5.369, 81     
2331, 5.371, 81     
2332, 5.373, 81     
2333, 5.375, 81     
2334, 5.377, 79     
2335, 5.379, 79     
2336, 5.381, 79     
2337, 5.383, 79     
2338, 5.385, 79     
2339, 5.387, 79     
2340, 5.389, 79     
2341, 5.391, 79     
2342, 5.393, 79     
2343, 5.395, 79     
2344, 5.397, 79     
2345, 5.399, 79     
2346, 5.401, 79     
2347, 5.403, 79     
2348, 5.405, 79     
2349, 5.407, 79     
2350, 5.409, 78     
2351, 5.411, 78     
2352, 5.413, 78     
2353, 5.415, 78     
2354, 5.417, 78     
2355, 5.419, 78     
2356, 5.421, 78     
2357, 5.423, 78     
2358, 5.425, 78     
2359, 5.427, 79     
2360, 5.429, 79     
2361, 5.431, 79     
2362, 5.433, 79     
2363, 5.435, 79     
2364, 5.437, 79     
2365, 5.439, 79     
2366, 5.441, 79     
2367, 5.443, 79     
2368, 5.445, 79     
2369, 5.447, 79     
2370, 5.449, 79     
2371, 5.451, 79     
2372, 5.453, 79     
2373, 5.455, 79     
2374, 5.457, 79     
2375, 5.459, 79     
2376, 5.461, 79     
2377, 5.463, 79     
2378, 5.465, 79     
2379, 5.467, 79     
2380, 5.469, 79     
2381, 5.471, 79     
2382, 5.473, 79     
2383, 5.475, 77     
2384, 5.477, 77     
2385, 5.479, 77     
2386, 5.481, 77     
2387, 5.483, 77     
2388, 5.485, 77     
2389, 5.487, 77     
2390, 5.489, 77     
2391, 5.491, 77     
2392, 5.493, 78     
2393, 5.495, 78     
2394, 5.497, 78     
2395, 5.499, 78     
2396, 5.501, 78     
2397, 5.503, 78     
2398, 5.505, 78     
2399, 5.507, 78     
2400, 5.509, 82     
2401, 5.511, 82     
2402, 5.513, 82     
2403, 5.515, 82     
2404, 5.517, 82     
2405, 5.519, 82     
2406, 5.521, 82     
2407, 5.523, 82     
2408, 5.525, 79     
2409, 5.527, 79     
2410, 5.529, 79     
2411, 5.531, 79     
2412, 5.533, 79     
2413, 5.535, 79     
2414, 5.537, 79     
2415, 5.539, 79     
2416, 5.541, 79     
2417, 5.543, 85     
2418, 5.545, 85     
2419, 5.547, 85     
2420, 5.549, 85     
2421, 5.551, 85     
2422, 5.553, 85     
2423, 5.555, 85     
2424, 5.557, 85     
2425, 5.559, 78     
2426, 5.561, 78     
2427, 5.563, 78     
2428, 5.565, 78     
2429, 5.567, 78     
2430, 5.569, 78     
2431, 5.571, 78     
2432, 5.573, 78     
2433, 5.575, 85     
2434, 5.577, 85     
2435, 5.579, 85     
2436, 5.581, 85     
2437, 5.583, 85     
2438, 5.585, 85     
2439, 5.587, 85     
2440, 5.589, 85     
2441, 5.591, 80     
2442, 5.593, 80     
2443, 5.595, 80     
2444, 5.597, 80     
2445, 5.599, 80     
2446, 5.601, 80     
2447, 5.603, 80     
2448, 5.605, 80     
2449, 5.607, 80     
2450, 5.609, 85     
2451, 5.611, 85     
2452, 5.613, 85     
2453, 5.615, 85     
2454, 5.617, 85     
2455, 5.619, 85     
2456, 5.621, 85     
2457, 5.623, 85     
2458, 5.625, 72     
2459, 5.627, 72     
2460, 5.629, 72     
2461, 5.631, 72     
2462, 5.633, 72     
2463, 5.635, 72     
2464, 5.637, 72     
2465, 5.639, 72     
2466, 5.641, 66     
2467, 5.643, 66     
2468, 5.645, 66     
2469, 5.647, 66     
2470, 5.649, 66     
2471, 5.651, 66     
2472, 5.653, 66     
2473, 5.655, 66     
2474, 5.657, 54     
2475, 5.659, 54     
2476, 5.661, 54     
2477, 5.663, 54     
2478, 5.665, 54     
2479, 5.667, 54     
2480, 5.669, 54     
2481, 5.671, 54     
2482, 5.673, 54     
2483, 5.675, 46     
2484, 5.677, 46     
2485, 5.679, 46     
2486, 5.681, 46     
2487, 5.683, 46     
2488, 5.685, 46     
2489, 5.687, 46     
2490, 5.689, 46     
2491, 5.691, 41     
2492, 5.693, 41     
2493, 5.695, 41     
2494, 5.697, 41     
2495, 5.699, 41     
2496, 5.701, 41     
2497, 5.703, 41     
2498, 5.705, 41     
2499, 5.707, 43     
2500, 5.709, 43     
2501, 5.711, 43     
2502, 5.713, 43     
2503, 5.715, 43     
2504, 5.717, 43     
2505, 5.719, 43     
2506, 5.721, 43     
2507, 5.723, 43     
2508, 5.725, 42     
2509, 5.727, 42     
2510, 5.729, 42     
2511, 5.731, 42     
2512, 5.733, 42     
2513, 5.735, 42     
2514, 5.737, 42     
2515, 5.739, 42     
2516, 5.741, 45     
2517, 5.743, 45     
2518, 5.745, 45     
2519, 5.747, 45     
2520, 5.749, 45     
2521, 5.751, 45     
2522, 5.753, 45     
2523, 5.755, 45     
2524, 5.757, 47     
2525, 5.759, 47     
2526, 5.761, 47     
2527, 5.763, 47     
2528, 5.765, 47     
2529, 5.767, 47     
2530, 5.769, 47     
2531, 5.771, 47     
2532, 5.773, 44     
2533, 5.775, 44     
2534, 5.777, 44     
2535, 5.779, 44     
2536, 5.781, 44     
2537, 5.783, 44     
2538, 5.785, 44     
2539, 5.787, 44     
2540, 5.789, 44     
2541, 5.791, 44     
2542, 5.793, 44     
2543, 5.795, 44     
2544, 5.797, 44     
2545, 5.799, 44     
2546, 5.801, 44     
2547, 5.803, 44     
2548, 5.805, 44     
2549, 5.807, 40     
2550, 5.809, 40     
2551, 5.811, 40     
2552, 5.813, 40     
2553, 5.815, 40     
2554, 5.817, 40     
2555, 5.819, 40     
2556, 5.821, 40     
2557, 5.823, 43     
2558, 5.825, 43     
2559, 5.827, 43     
2560, 5.829, 43     
2561, 5.831, 43     
2562, 5.833, 43     
2563, 5.835, 43     
2564, 5.837, 43     
2565, 5.839, 43     
2566, 5.841, 40     
2567, 5.843, 40     
2568, 5.845, 40     
2569, 5.847, 40     
2570, 5.849, 40     
2571, 5.851, 40     
2572, 5.853, 40     
2573, 5.855, 40     
2574, 5.857, 46     
2575, 5.859, 46     
2576, 5.861, 46     
2577, 5.863, 46     
2578, 5.865, 46     
2579, 5.867, 46     
2580, 5.869, 46     
2581, 5.871, 46     
2582, 5.873, 43     
2583, 5.875, 43     
2584, 5.877, 43     
2585, 5.879, 43     
2586, 5.881, 43     
2587, 5.883, 43     
2588, 5.885, 43     
2589, 5.887, 43     
2590, 5.889, 45     
2591, 5.891, 45     
2592, 5.893, 45     
2593, 5.895, 45     
2594, 5.897, 45     
2595, 5.899, 45     
2596, 5.901, 45     
2597, 5.903, 45     
2598, 5.905, 45     
2599, 5.907, 42     
2600, 5.909, 42     
2601, 5.911, 42     
2602, 5.913, 42     
2603, 5.915, 42     
2604, 5.917, 42     
2605, 5.919, 42     
2606, 5.921, 42     
2607, 5.923, 44     
2608, 5.925, 44     
2609, 5.927, 44     
2610, 5.929, 44     
2611, 5.931, 44     
2612, 5.933, 44     
2613, 5.935, 44     
2614, 5.937, 44     
2615, 5.939, 44     
2616, 5.941, 44     
2617, 5.943, 44     
2618, 5.945, 44     
2619, 5.947, 44     
2620, 5.949, 44     
2621, 5.951, 44     
2622, 5.953, 44     
2623, 5.955, 44     
2624, 5.957, 57     
2625, 5.959, 57     
2626, 5.961, 57     
2627, 5.963, 57     
2628, 5.965, 57     
2629, 5.967, 57     
2630, 5.969, 57     
2631, 5.971, 57     
2632, 5.973, 60     
2633, 5.975, 60     
2634, 5.977, 60     
2635, 5.979, 60     
2636, 5.981, 60     
2637, 5.983, 60     
2638, 5.985, 60     
2639, 5.987, 60     
2640, 5.989, 78     
2641, 5.991, 78     
2642, 5.993, 78     
2643, 5.995, 78     
2644, 5.997, 78     
2645, 5.999, 78     
2646, 6.001, 78     
2647, 6.003, 78     
2648, 6.005, 80     
2649, 6.007, 80     
2650, 6.009, 80     
2651, 6.011, 80     
2652, 6.013, 80     
2653, 6.015, 80     
2654, 6.017, 80     
2655, 6.019, 80     
2656, 6.021, 80     
2657, 6.023, 87     
2658, 6.025, 87     
2659, 6.027, 87     
2660, 6.029, 87     
2661, 6.031, 87     
2662, 6.033, 87     
2663, 6.035, 87     
2664, 6.037, 87     
2665, 6.039, 81     
2666, 6.041, 81     
2667, 6.043, 81     
2668, 6.045, 81     
2669, 6.047, 81     
2670, 6.049, 81     
2671, 6.051, 81     
2672, 6.053, 81     
2673, 6.055, 87     
2674, 6.057, 87     
2675, 6.059, 87     
2676, 6.061, 87     
2677, 6.063, 87     
2678, 6.065, 87     
2679, 6.067, 87     
2680, 6.069, 87     
2681, 6.071, 87     
2682, 6.073, 87     
2683, 6.075, 87     
2684, 6.077, 87     
2685, 6.079, 87     
2686, 6.081, 87     
2687, 6.083, 87     
2688, 6.085, 87     
2689, 6.087, 87     
2690, 6.089, 81     
2691, 6.091, 81     
2692, 6.093, 81     
2693, 6.095, 81     
2694, 6.097, 81     
2695, 6.099, 81     
2696, 6.101, 81     
2697, 6.103, 81     
2698, 6.105, 86     
2699, 6.107, 86     
2700, 6.109, 86     
2701, 6.111, 86     
2702, 6.113, 86     
2703, 6.115, 86     
2704, 6.117, 86     
2705, 6.119, 86     
2706, 6.121, 81     
2707, 6.123, 81     
2708, 6.125, 81     
2709, 6.127, 81     
2710, 6.129, 81     
2711, 6.131, 81     
2712, 6.133, 81     
2713, 6.135, 81     
2714, 6.137, 81     
2715, 6.139, 86     
2716, 6.141, 86     
2717, 6.143, 86     
2718, 6.145, 86     
2719, 6.147, 86     
2720, 6.149, 86     
2721, 6.151, 86     
2722, 6.153, 86     
2723, 6.155, 79     
2724, 6.157, 79     
2725, 6.159, 79     
2726, 6.161, 79     
2727, 6.163, 79     
2728, 6.165, 79     
2729, 6.167, 79     
2730, 6.169, 79     
2731, 6.171, 84     
2732, 6.173, 84     
2733, 6.175, 84     
2734, 6.177, 84     
2735, 6.179, 84     
2736, 6.181, 84     
2737, 6.183, 84     
2738, 6.185, 84     
2739, 6.187, 84     
2740, 6.189, 80     
2741, 6.191, 80     
2742, 6.193, 80     
2743, 6.195, 80     
2744, 6.197, 80     
2745, 6.199, 80     
2746, 6.201, 80     
2747, 6.203, 80     
2748, 6.205, 84     
2749, 6.207, 84     
2750, 6.209, 84     
2751, 6.211, 84     
2752, 6.213, 84     
2753, 6.215, 84     
2754, 6.217, 84     
2755, 6.219, 84     
2756, 6.221, 77     
2757, 6.223, 77     
2758, 6.225, 77     
2759, 6.227, 77     
2760, 6.229, 77     
2761, 6.231, 77     
2762, 6.233, 77     
2763, 6.235, 77     
2764, 6.237, 82     
2765, 6.239, 82     
2766, 6.241, 82     
2767, 6.243, 82     
2768, 6.245, 82     
2769, 6.247, 82     
2770, 6.249, 82     
2771, 6.251, 82     
2772, 6.253, 82     
2773, 6.255, 76     
2774, 6.257, 76     
2775, 6.259, 76     
2776, 6.261, 76     
2777, 6.263, 76     
2778, 6.265, 76     
2779, 6.267, 76     
2780, 6.269, 76     
2781, 6.271, 81     
2782, 6.273, 81     
2783, 6.275, 81     
2784, 6.277, 81     
2785, 6.279, 81     
2786, 6.281, 81     
2787, 6.283, 81     
2788, 6.285, 81     
2789, 6.287, 76     
2790, 6.289, 76     
2791, 6.291, 76     
2792, 6.293, 76     
2793, 6.295, 76     
2794, 6.297, 76     
2795, 6.299, 76     
2796, 6.301, 76     
2797, 6.303, 76     
2798, 6.305, 83     
2799, 6.307, 83     
2800, 6.309, 83     
2801, 6.311, 83     
2802, 6.313, 83     
2803, 6.315, 83     
2804, 6.317, 83     
2805, 6.319, 83     
2806, 6.321, 79     
2807, 6.323, 79     
2808, 6.325, 79     
2809, 6.327, 79     
2810, 6.329, 79     
2811, 6.331, 79     
2812, 6.333, 79     
2813, 6.335, 79     
2814, 6.337, 85     
2815, 6.339, 85     
2816, 6.341, 85     
2817, 6.343, 85     
2818, 6.345, 85     
2819, 6.347, 85     
2820, 6.349, 85     
2821, 6.351, 85     
2822, 6.353, 84     
2823, 6.355, 84     
